CustomerID,Recency,Frequency,Monetary
15482.0,15,11,8188.66
14936.0,33,8,8137.02
14952.0,59,11,8068.89
12428.0,25,9,7956.46
12435.0,79,2,7829.89
13629.0,23,11,7792.36
15194.0,3,15,7616.53
17396.0,39,8,7330.8
12583.0,2,15,7220.54
16873.0,4,6,7123.62
13324.0,36,10,7121.95
14961.0,10,9,7044.68
13985.0,4,15,7030.43
12766.0,3,7,6989.63
12798.0,10,3,6977.04
12989.0,8,14,6862.91
16713.0,18,15,6855.18
12705.0,15,9,6850.59
16187.0,31,15,6841.24
17416.0,29,7,6838.34
12830.0,37,6,6814.64
15601.0,11,14,6764.06
12476.0,15,11,6759.22
16532.0,17,3,6748.8
18055.0,7,10,6743.49
15023.0,3,11,6720.41
16652.0,58,7,6706.47
15249.0,31,13,6688.46
16182.0,72,4,6617.65
12472.0,32,7,6572.11
12626.0,23,9,6506.69
17338.0,17,8,6493.54
15694.0,0,14,6423.6
18223.0,4,14,6416.7
13871.0,22,13,6403.25
12431.0,35,15,6353.99
16126.0,29,4,6287.77
12359.0,57,4,6280.13
13709.0,3,13,6274.85
12357.0,33,1,6207.67
15939.0,89,15,6115.01
17509.0,57,8,6083.64
13225.0,3,7,6083.04
14101.0,73,6,5976.79
13097.0,32,10,5972.82
12637.0,67,8,5966.9
15382.0,14,6,5942.96
14944.0,29,12,5900.25
13209.0,30,8,5873.91
14505.0,17,8,5859.43
14415.0,1,13,5834.52
15218.0,10,11,5756.89
17686.0,7,7,5739.46
13316.0,37,4,5732.93
13178.0,26,11,5725.47
14110.0,3,12,5669.65
17049.0,2,9,5597.73
12839.0,2,14,5591.42
12481.0,22,10,5579.82
14049.0,16,4,5578.72
16767.0,30,11,5575.56
12539.0,22,4,5568.35
17716.0,22,11,5550.79
18225.0,3,12,5476.91
16985.0,17,10,5464.12
16609.0,15,7,5463.76
16265.0,9,9,5436.8
12490.0,5,10,5417.93
17809.0,16,12,5411.91
16701.0,8,13,5398.3
17719.0,37,15,5381.04
13269.0,1,15,5343.28
16303.0,25,3,5320.63
17730.0,3,13,5298.48
15150.0,17,10,5280.83
18226.0,44,11,5228.05
16258.0,45,5,5203.51
13756.0,2,14,5189.52
12362.0,3,10,5177.38
15727.0,16,7,5159.06
17858.0,5,12,5140.66
15903.0,9,7,5126.76
17061.0,73,11,5116.13
13941.0,21,5,5112.96
13139.0,16,7,5064.94
16700.0,8,13,5063.8
12432.0,42,5,5059.32
15046.0,9,15,5030.42
15719.0,32,13,5030.07
17602.0,2,6,5026.57
17426.0,8,6,5022.26
15301.0,50,12,5015.05
12444.0,21,5,5005.46
14755.0,9,11,4970.33
16191.0,2,11,4959.82
14329.0,17,7,4947.34
12700.0,7,4,4939.99
14709.0,15,13,4921.04
15547.0,7,14,4910.6
15786.0,46,3,4908.8
17133.0,15,7,4892.24
12664.0,8,9,4881.88
14292.0,7,9,4851.13
17652.0,25,12,4805.08
13013.0,1,13,4788.44
12757.0,15,10,4775.47
17365.0,12,8,4767.36
15298.0,2,12,4764.1
12955.0,1,11,4748.66
16722.0,17,13,4730.81
17690.0,30,15,4726.8
15152.0,9,13,4715.79
12714.0,9,5,4708.86
14135.0,1,15,4690.31
14191.0,1,13,4684.76
15291.0,25,15,4668.3
14189.0,2,15,4627.88
14159.0,19,11,4624.26
14286.0,23,3,4613.51
14390.0,10,9,4600.67
15093.0,18,6,4597.02
14004.0,43,7,4582.64
12484.0,32,6,4527.32
17613.0,22,14,4519.55
12524.0,9,8,4485.72
12627.0,10,7,4478.53
17364.0,0,11,4462.68
16984.0,88,2,4414.22
15874.0,63,7,4405.88
15955.0,24,14,4399.76
17975.0,15,13,4388.06
12752.0,81,1,4366.78
13505.0,72,4,4360.78
17567.0,7,8,4331.48
14800.0,47,12,4327.64
18251.0,87,1,4314.72
12347.0,2,7,4310.0
17937.0,8,7,4301.22
12712.0,28,13,4283.23
14422.0,0,6,4263.64
15034.0,15,8,4259.16
12500.0,23,11,4227.92
17419.0,11,12,4226.57
15971.0,17,12,4199.85
12747.0,2,11,4196.01
14525.0,19,9,4179.87
12536.0,59,1,4163.98
12949.0,30,8,4152.22
13384.0,30,7,4151.93
15570.0,7,12,4138.87
13988.0,19,6,4110.26
13555.0,73,4,4098.88
16401.0,1,12,4098.32
12749.0,3,5,4090.88
14092.0,7,14,4076.91
14426.0,23,10,4075.48
12449.0,22,4,4067.29
16670.0,16,10,4057.15
14401.0,4,13,4051.48
12656.0,17,5,4051.17
16549.0,10,10,4034.9
13815.0,22,4,4027.36
12957.0,9,8,4017.54
16186.0,22,12,3991.94
17001.0,0,11,3989.57
12867.0,26,7,3984.44
15416.0,64,4,3984.32
12727.0,10,7,3965.7
13183.0,7,9,3957.78
17611.0,7,15,3956.02
14547.0,3,8,3953.95
15529.0,22,11,3937.7
17769.0,12,10,3935.03
14277.0,15,3,3928.8
12779.0,37,7,3916.56
17651.0,11,10,3914.84
17593.0,3,5,3908.86
15299.0,67,6,3907.01
14739.0,4,7,3902.28
13999.0,10,12,3889.21
14291.0,1,11,3883.25
15804.0,0,13,3878.33
15195.0,2,1,3861.0
17091.0,2,9,3827.76
16327.0,14,6,3820.27
12662.0,0,11,3817.08
15867.0,5,15,3810.14
13435.0,5,7,3809.89
13523.0,33,5,3799.88
16145.0,8,11,3799.49
13266.0,11,12,3790.69
16655.0,17,6,3789.52
12562.0,8,7,3781.74
12668.0,11,4,3772.35
17173.0,5,8,3766.6
13124.0,89,3,3756.33
12429.0,9,4,3750.4
12647.0,22,12,3722.82
16240.0,24,2,3718.8
14364.0,108,8,3717.35
12597.0,19,4,3712.22
15845.0,17,8,3711.77
17819.0,71,7,3704.87
14282.0,3,15,3701.44
16570.0,15,10,3698.8
16253.0,66,2,3683.86
15296.0,50,6,3672.86
12553.0,8,9,3655.98
13552.0,66,12,3655.07
13426.0,0,10,3641.32
16440.0,7,5,3640.67
13381.0,31,6,3639.31
12417.0,3,9,3629.15
17528.0,1,8,3628.5
13327.0,38,8,3617.57
18079.0,45,4,3613.15
16019.0,46,9,3611.94
16712.0,9,11,3611.31
13137.0,10,8,3603.29
14132.0,2,11,3586.03
16242.0,8,7,3579.86
15484.0,1,4,3574.81
14040.0,40,12,3560.32
17203.0,35,6,3560.08
17491.0,1,10,3558.87
13148.0,29,12,3555.4
15544.0,9,9,3546.71
13520.0,58,6,3544.35
14503.0,3,6,3543.26
12370.0,51,4,3541.94
13448.0,16,6,3534.69
17160.0,31,6,3518.03
13953.0,7,7,3515.68
16131.0,51,6,3506.54
13334.0,82,3,3502.32
15505.0,52,5,3497.14
14907.0,3,7,3487.6
13993.0,42,9,3466.36
13014.0,10,10,3466.28
14395.0,2,9,3454.06
14299.0,8,8,3451.72
15129.0,50,11,3447.4
14145.0,46,4,3445.2
13536.0,1,7,3444.39
15974.0,39,7,3442.15
14221.0,42,9,3432.8
17725.0,16,11,3427.18
15981.0,24,8,3408.48
17758.0,19,8,3408.2
13437.0,14,7,3408.06
17669.0,42,7,3406.72
13198.0,10,6,3390.29
15228.0,66,4,3386.71
13842.0,58,9,3385.62
16360.0,4,6,3372.71
15676.0,18,3,3365.56
16818.0,10,11,3349.57
13015.0,53,5,3339.64
15113.0,9,3,3339.51
14227.0,26,10,3334.46
16607.0,17,13,3333.67
17183.0,7,6,3317.31
16556.0,66,7,3313.79
13373.0,60,3,3312.25
16717.0,23,6,3310.61
12594.0,37,9,3310.22
15622.0,43,9,3301.46
14841.0,53,6,3295.76
12406.0,22,2,3295.7
12480.0,28,4,3281.63
15764.0,107,5,3276.62
12613.0,57,5,3267.88
15708.0,40,7,3225.3
13880.0,21,13,3219.77
12619.0,16,8,3218.56
13047.0,56,9,3206.09
16107.0,17,7,3204.16
14388.0,10,8,3196.94
13868.0,7,2,3192.54
13758.0,11,7,3190.55
15632.0,15,8,3189.91
14844.0,63,4,3189.81
15443.0,1,7,3189.74
17220.0,24,14,3187.55
14175.0,59,3,3182.6
12456.0,44,3,3181.04
16837.0,31,11,3170.98
16041.0,30,3,3166.4
17863.0,59,6,3160.0
17685.0,16,7,3155.83
15065.0,37,4,3147.63
17672.0,50,2,3147.57
13268.0,17,11,3138.4
14146.0,8,5,3123.52
13685.0,2,7,3119.44
13742.0,16,12,3107.87
14099.0,16,11,3101.22
14257.0,64,5,3099.72
17231.0,12,10,3096.87
14235.0,75,5,3093.86
13362.0,9,4,3090.74
17059.0,29,5,3080.39
15998.0,36,5,3080.22
18272.0,2,6,3078.58
12910.0,23,8,3075.04
16218.0,29,7,3071.52
16940.0,52,3,3049.88
16156.0,8,9,3037.56
16678.0,2,11,3031.99
16393.0,2,13,3029.62
12598.0,9,8,3023.08
16905.0,5,7,3020.65
17799.0,22,10,3019.27
18094.0,81,7,3017.3
16326.0,5,14,3014.22
14456.0,5,9,3006.28
12395.0,19,12,3003.78
15514.0,12,10,3000.57
12670.0,10,5,2996.05
14307.0,88,6,2995.72
15687.0,8,9,2993.1
15861.0,12,7,2981.92
15854.0,4,12,2969.12
16497.0,49,6,2965.69
17924.0,11,7,2962.5
17659.0,17,12,2958.91
14639.0,52,6,2956.59
16686.0,47,7,2955.38
14868.0,3,8,2953.59
14032.0,2,11,2950.63
17512.0,28,10,2924.99
16316.0,64,8,2921.21
12906.0,11,5,2919.81
12438.0,14,2,2906.85
18144.0,7,12,2888.75
12408.0,32,5,2888.55
16633.0,17,6,2883.1
12473.0,29,4,2882.99
14251.0,1,5,2879.7
17728.0,3,3,2876.01
14005.0,9,5,2874.72
15628.0,4,9,2870.24
13901.0,72,5,2867.2
12685.0,28,6,2863.08
14530.0,25,6,2862.11
18145.0,12,4,2861.55
13451.0,26,5,2858.46
14535.0,60,3,2854.84
13735.0,24,4,2838.54
14852.0,58,6,2836.69
15521.0,40,7,2831.6
15606.0,61,9,2825.36
14112.0,22,6,2816.35
12356.0,22,3,2811.43
18230.0,9,7,2810.2
17644.0,1,11,2809.18
14711.0,10,11,2809.02
17596.0,23,7,2806.69
14572.0,3,7,2804.54
16081.0,56,5,2799.42
13769.0,2,10,2796.51
12578.0,21,2,2794.51
17739.0,11,7,2791.35
12388.0,15,6,2780.66
14121.0,3,4,2780.15
16871.0,22,6,2778.44
14626.0,23,4,2776.27
14903.0,21,5,2773.48
13870.0,2,8,2770.94
16764.0,3,13,2767.53
17213.0,40,7,2765.33
15984.0,2,10,2761.58
15114.0,30,10,2760.56
13230.0,4,13,2750.59
15993.0,8,7,2749.22
17084.0,35,2,2747.99
13174.0,16,3,2742.82
14854.0,78,7,2740.03
13971.0,18,8,2737.46
16003.0,29,5,2735.37
15673.0,88,4,2726.23
12380.0,21,4,2724.81
14125.0,10,3,2720.63
15356.0,31,10,2718.03
13285.0,23,4,2709.12
15796.0,1,8,2708.61
13654.0,43,6,2707.33
14107.0,51,7,2703.23
16938.0,8,3,2701.93
12708.0,29,10,2695.21
14732.0,8,8,2692.59
17386.0,7,6,2686.42
17069.0,28,9,2681.81
18097.0,7,6,2662.4
14713.0,9,11,2662.2
12360.0,52,3,2662.06
12721.0,31,6,2656.13
16618.0,31,5,2647.59
15696.0,33,8,2641.21
15671.0,18,7,2640.13
13771.0,64,4,2634.45
17402.0,4,13,2633.85
15752.0,39,7,2626.6
13422.0,64,1,2626.3
18210.0,1,6,2621.38
16255.0,16,8,2619.91
12520.0,79,5,2618.96
14262.0,8,8,2618.23
13883.0,10,5,2617.9
13021.0,4,9,2616.38
15782.0,9,3,2614.74
12836.0,59,4,2610.36
12726.0,28,7,2609.1
13136.0,56,5,2607.61
17346.0,3,15,2602.6
13983.0,29,12,2600.88
17317.0,46,3,2600.34
13644.0,16,4,2599.26
17965.0,37,14,2599.19
12600.0,28,10,2599.04
14408.0,10,7,2599.03
13895.0,28,4,2593.07
16241.0,9,13,2590.31
18075.0,23,10,2589.8
13804.0,30,7,2588.39
18077.0,8,11,2584.41
13911.0,57,9,2580.91
17655.0,10,7,2571.74
18245.0,7,7,2567.06
15485.0,30,3,2564.5
14243.0,8,10,2562.27
16308.0,37,4,2560.0
14676.0,31,6,2548.24
15033.0,4,10,2545.48
14334.0,16,8,2539.46
14546.0,5,5,2536.78
15572.0,4,7,2533.42
16912.0,28,11,2532.18
17314.0,24,8,2527.92
17449.0,2,7,2519.21
17700.0,16,4,2518.74
14842.0,43,4,2516.94
13344.0,67,3,2511.69
14701.0,10,9,2510.99
13695.0,31,15,2504.13
13471.0,1,4,2501.84
15932.0,4,8,2495.87
16477.0,63,7,2494.46
15271.0,7,15,2493.34
14659.0,8,9,2490.13
12483.0,17,8,2484.98
12913.0,4,5,2483.63
14315.0,44,6,2481.13
13507.0,3,4,2479.16
17682.0,10,6,2474.33
14766.0,8,6,2473.37
13658.0,9,5,2472.17
14808.0,39,8,2471.75
16710.0,19,10,2467.99
17164.0,32,7,2467.35
12455.0,73,6,2466.86
17131.0,5,5,2463.17
15750.0,2,8,2463.05
13784.0,9,11,2462.79
12517.0,28,5,2461.8
17188.0,11,7,2456.53
13588.0,15,9,2451.17
14163.0,87,4,2445.91
13975.0,31,6,2442.14
17071.0,28,9,2429.03
15527.0,18,8,2428.53
13949.0,2,6,2427.32
16143.0,3,6,2424.94
15089.0,10,6,2420.84
12397.0,35,2,2409.9
17589.0,60,4,2404.17
15980.0,88,3,2398.86
18065.0,5,14,2392.83
15370.0,40,7,2386.05
12352.0,36,8,2385.71
14239.0,43,11,2380.85
14493.0,7,5,2368.24
17530.0,1,10,2367.12
15755.0,10,6,2364.25
14930.0,108,3,2362.96
14030.0,18,8,2358.84
17634.0,36,9,2358.59
14440.0,8,5,2357.68
13908.0,79,4,2354.7
15140.0,52,7,2354.25
15270.0,15,7,2353.99
14309.0,8,9,2352.53
17434.0,2,7,2348.87
18259.0,24,3,2338.6
13394.0,1,8,2336.3
15785.0,32,5,2328.97
17313.0,31,1,2328.84
17744.0,3,6,2322.4
14290.0,11,5,2314.65
14502.0,19,10,2312.73
13704.0,5,9,2308.06
15288.0,43,5,2306.52
17211.0,26,8,2302.22
15281.0,58,9,2301.55
15105.0,18,7,2298.93
16550.0,108,5,2297.02
13115.0,11,4,2294.78
17954.0,5,12,2291.68
12615.0,2,4,2291.19
18257.0,39,7,2287.23
12782.0,4,5,2285.92
12684.0,7,7,2283.63
14554.0,10,4,2279.49
13994.0,3,6,2274.14
14466.0,29,7,2272.4
17696.0,38,8,2271.81
17838.0,89,4,2267.4
16209.0,88,5,2262.62
15373.0,8,12,2261.11
16782.0,10,13,2255.2
16293.0,21,10,2248.99
13700.0,26,10,2248.63
17442.0,36,6,2248.56
14432.0,9,6,2248.5
16771.0,33,5,2242.61
14211.0,53,9,2241.1
18242.0,72,4,2232.49
16735.0,78,5,2227.61
14825.0,3,12,2221.01
12704.0,7,8,2220.84
15811.0,22,6,2218.62
13527.0,33,7,2218.61
12876.0,57,2,2218.02
14226.0,28,5,2214.79
16076.0,3,10,2214.33
15722.0,35,5,2211.21
13862.0,18,8,2209.36
14776.0,51,10,2208.06
13365.0,33,2,2207.52
15179.0,18,5,2206.95
13317.0,66,6,2205.83
17591.0,73,7,2203.67
16057.0,16,7,2200.92
15123.0,7,2,2199.31
13680.0,1,3,2199.01
13831.0,16,6,2198.45
14700.0,32,3,2195.1
16628.0,29,5,2188.05
15394.0,9,4,2183.54
12856.0,7,6,2170.78
16743.0,29,7,2168.13
12935.0,2,7,2160.7
13224.0,60,2,2155.95
17940.0,49,9,2152.18
16966.0,8,6,2151.72
14341.0,45,8,2151.08
12909.0,39,5,2148.97
17272.0,42,4,2148.63
14407.0,107,6,2144.98
12633.0,58,4,2143.18
12560.0,5,3,2134.01
16379.0,4,4,2131.9
13517.0,59,3,2128.42
12584.0,3,9,2123.85
18061.0,21,10,2119.41
13632.0,24,5,2118.93
14360.0,31,4,2118.03
14691.0,30,5,2114.33
13755.0,3,9,2108.06
18173.0,86,4,2106.84
15058.0,25,11,2102.54
15815.0,63,5,2100.6
17861.0,3,8,2097.88
16875.0,67,5,2095.53
17191.0,28,7,2093.68
14306.0,51,2,2093.32
13265.0,53,5,2092.66
13297.0,7,4,2089.85
13571.0,12,12,2088.94
18044.0,4,10,2088.6
14810.0,40,11,2085.33
16954.0,0,9,2085.08
17768.0,8,3,2081.9
16407.0,12,10,2079.68
14696.0,4,7,2078.95
14515.0,17,6,2076.89
12610.0,22,5,2074.04
14209.0,10,6,2073.43
12948.0,16,7,2064.95
12928.0,35,5,2062.7
16281.0,72,1,2062.06
14409.0,71,6,2059.45
12518.0,0,5,2056.89
13126.0,4,8,2056.29
17667.0,66,5,2055.51
14188.0,30,6,2054.36
17086.0,7,6,2050.08
14232.0,42,5,2048.07
18219.0,2,10,2044.77
13450.0,26,6,2043.72
14001.0,45,3,2043.08
17490.0,0,6,2031.64
14640.0,24,6,2031.15
13630.0,5,7,2027.83
16358.0,1,4,2027.5
16409.0,36,5,2022.98
14482.0,18,6,2022.81
15341.0,80,1,2020.52
17625.0,18,4,2020.4
13495.0,7,5,2015.17
16150.0,42,5,2013.22
17612.0,53,6,2008.55
16098.0,87,7,2005.63
14544.0,24,2,2004.3
17082.0,33,2,2003.85
18188.0,15,3,2001.04
13305.0,4,10,2000.86
18069.0,26,5,1999.34
17679.0,52,2,1992.11
17088.0,28,4,1991.01
12457.0,81,5,1987.88
17827.0,5,5,1987.33
13590.0,11,6,1981.92
14462.0,66,11,1975.57
17090.0,4,7,1974.65
15531.0,8,2,1972.39
16341.0,24,4,1971.87
13725.0,49,8,1967.36
13593.0,108,5,1965.08
17790.0,26,14,1964.3
18204.0,71,3,1962.6
14506.0,17,5,1960.65
14498.0,42,5,1957.32
17554.0,1,5,1952.45
17218.0,4,10,1951.97
15814.0,16,4,1945.33
13246.0,18,6,1945.02
12674.0,38,4,1940.6
14418.0,3,3,1937.25
12528.0,9,6,1933.48
14655.0,8,4,1932.23
14653.0,1,7,1926.65
17422.0,16,6,1925.38
14978.0,72,5,1921.37
15493.0,32,5,1918.86
15157.0,3,3,1911.59
14285.0,21,4,1910.01
17228.0,15,8,1906.09
16983.0,12,7,1905.87
14210.0,105,6,1905.84
15819.0,49,4,1905.45
14250.0,7,3,1904.05
15518.0,64,8,1902.35
12762.0,7,2,1898.52
14730.0,1,8,1897.57
17997.0,74,8,1892.86
14934.0,81,2,1890.94
15351.0,12,7,1889.86
16942.0,12,9,1888.46
12371.0,44,2,1887.96
15641.0,105,4,1887.2
16170.0,50,6,1885.05
13890.0,1,10,1883.81
16128.0,17,5,1880.22
17738.0,19,4,1879.05
15367.0,57,4,1877.59
17463.0,16,5,1875.86
16986.0,29,2,1873.2
13982.0,39,4,1871.81
16426.0,2,10,1863.76
14887.0,79,1,1862.0
17870.0,2,12,1860.94
17469.0,16,5,1857.81
12963.0,8,8,1856.63
17293.0,8,9,1854.06
12423.0,0,8,1849.11
15021.0,8,9,1848.53
17519.0,17,6,1844.02
14524.0,31,9,1843.83
18180.0,4,6,1843.75
12950.0,2,3,1843.0
16102.0,42,3,1842.14
16979.0,3,6,1842.05
16455.0,63,7,1841.18
14216.0,3,4,1839.3
17015.0,28,3,1838.61
16201.0,3,4,1838.27
18287.0,42,3,1837.28
14305.0,71,2,1837.01
13650.0,16,6,1836.34
13421.0,40,2,1833.71
12381.0,4,5,1830.31
15203.0,25,6,1827.8
16153.0,49,5,1824.23
17873.0,80,5,1823.76
16169.0,8,4,1822.97
17629.0,5,8,1814.12
14533.0,24,7,1812.62
13048.0,14,4,1811.91
16474.0,7,7,1810.65
17705.0,3,9,1808.52
17702.0,30,4,1807.87
15674.0,73,4,1806.09
17663.0,25,7,1802.91
15812.0,107,5,1801.14
16249.0,52,5,1800.07
13562.0,81,3,1799.33
13196.0,11,4,1797.78
17648.0,60,4,1797.5
12348.0,75,4,1797.24
18235.0,71,3,1796.48
18179.0,9,6,1793.17
18122.0,8,6,1793.06
13510.0,1,4,1791.56
14215.0,11,6,1789.72
13481.0,45,4,1789.56
14621.0,1,5,1788.36
13875.0,53,5,1786.79
14608.0,4,4,1785.15
15864.0,22,6,1783.68
13924.0,1,5,1780.55
17828.0,22,4,1780.29
16841.0,36,6,1774.62
17092.0,50,4,1774.03
15594.0,15,5,1771.78
16681.0,72,6,1770.34
16751.0,30,1,1764.72
12823.0,74,5,1759.5
15220.0,51,6,1758.92
12349.0,18,1,1757.55
16719.0,14,7,1757.47
12645.0,33,4,1755.38
12523.0,19,11,1752.27
13808.0,5,5,1747.66
13456.0,17,6,1746.32
15067.0,78,3,1744.76
16380.0,61,1,1743.15
14595.0,19,6,1740.6
17930.0,35,5,1740.48
15241.0,66,8,1738.59
14673.0,3,5,1736.4
17043.0,32,4,1735.18
14387.0,32,3,1727.6
13157.0,49,4,1723.22
13094.0,80,11,1721.58
14834.0,17,6,1720.3
15267.0,22,5,1717.36
17162.0,28,10,1715.46
13763.0,63,1,1714.96
17147.0,22,4,1714.59
17750.0,5,9,1710.45
15947.0,82,1,1708.24
12407.0,49,5,1708.12
15240.0,44,5,1706.57
13824.0,32,5,1698.94
12843.0,65,8,1697.06
14441.0,0,4,1696.24
16007.0,47,4,1693.81
16671.0,28,3,1692.27
16775.0,10,11,1691.51
15950.0,31,4,1691.06
16791.0,29,7,1690.28
15380.0,8,5,1690.26
12635.0,89,2,1689.18
13577.0,25,4,1687.6
15050.0,25,3,1682.77
17193.0,45,6,1682.76
16638.0,22,10,1680.72
15827.0,73,14,1677.04
13149.0,14,4,1676.06
17656.0,73,5,1674.69
17451.0,1,7,1674.3
12912.0,2,5,1662.3
15214.0,1,8,1661.44
16115.0,9,8,1660.88
17813.0,14,5,1657.37
15953.0,15,8,1657.28
15826.0,56,3,1654.31
16813.0,8,10,1652.18
16711.0,3,5,1651.03
14837.0,89,4,1649.5
13647.0,9,4,1648.12
13750.0,53,5,1647.26
15549.0,77,3,1643.96
17284.0,60,6,1642.53
15024.0,9,10,1636.43
12398.0,45,1,1635.66
14759.0,4,3,1625.97
13627.0,59,5,1625.72
13425.0,108,3,1624.21
16515.0,52,5,1624.14
15172.0,8,5,1624.05
12530.0,59,4,1623.63
17754.0,0,5,1623.0
14937.0,56,3,1621.88
17101.0,10,4,1621.73
18161.0,15,5,1618.69
16987.0,3,7,1616.8
13184.0,14,9,1616.45
14336.0,16,4,1614.91
16992.0,10,5,1614.31
15791.0,43,2,1612.69
14312.0,46,6,1611.59
12783.0,2,4,1603.87
14178.0,8,7,1600.26
16466.0,33,7,1595.96
17673.0,1,6,1594.97
15611.0,9,13,1591.45
13614.0,24,4,1585.46
16332.0,28,7,1582.8
12393.0,72,4,1582.6
14587.0,18,9,1580.29
13186.0,39,3,1575.89
16676.0,33,4,1575.12
14719.0,1,5,1571.89
12865.0,26,2,1568.23
15906.0,19,7,1567.69
15111.0,29,3,1567.48
15473.0,14,7,1567.2
16496.0,8,3,1562.22
15660.0,25,9,1561.26
14038.0,78,3,1560.38
13313.0,22,5,1555.32
15117.0,14,5,1551.78
15365.0,25,6,1549.17
13634.0,33,5,1547.36
16369.0,18,3,1545.41
13397.0,72,5,1544.13
16365.0,17,9,1540.42
17159.0,21,3,1538.88
15620.0,56,3,1538.18
13849.0,51,2,1537.95
12877.0,3,12,1535.77
15392.0,4,4,1535.53
16283.0,5,5,1535.41
15532.0,25,4,1533.23
14229.0,51,3,1532.2
13107.0,44,4,1531.62
12759.0,52,3,1531.44
17837.0,42,8,1531.28
14321.0,10,5,1530.75
14567.0,56,2,1530.36
15701.0,2,4,1529.0
16066.0,16,5,1521.04
13213.0,56,5,1520.58
16790.0,3,6,1520.12
16748.0,17,5,1515.9
16053.0,32,2,1511.95
16434.0,29,7,1511.8
16910.0,4,8,1508.96
16817.0,2,8,1506.15
12937.0,15,4,1504.27
16279.0,21,3,1502.78
16359.0,7,9,1500.92
13810.0,28,3,1499.01
15530.0,21,4,1497.31
15916.0,16,8,1495.91
14704.0,11,9,1493.96
16880.0,30,7,1491.43
16395.0,60,5,1482.06
13320.0,78,4,1481.05
18016.0,32,5,1477.66
14878.0,12,9,1476.09
12826.0,2,7,1474.72
13692.0,24,3,1473.37
14963.0,9,5,1472.34
16394.0,56,5,1469.66
17590.0,2,3,1468.02
14875.0,107,2,1465.32
15983.0,22,4,1465.12
12882.0,9,2,1463.04
14233.0,49,4,1462.72
16016.0,3,8,1457.01
13309.0,7,5,1456.79
13477.0,37,6,1454.58
14541.0,58,8,1453.35
16059.0,65,6,1453.16
13110.0,31,7,1452.87
15128.0,60,4,1451.5
17073.0,17,4,1446.09
13717.0,32,6,1445.01
13461.0,38,3,1445.0
17175.0,44,4,1443.69
16996.0,30,6,1439.26
17063.0,21,7,1436.14
15987.0,12,7,1432.77
16503.0,106,4,1431.93
15427.0,33,3,1430.54
16103.0,7,6,1429.64
13159.0,8,4,1429.35
14035.0,28,5,1428.02
15858.0,15,5,1427.57
17571.0,50,4,1425.67
14901.0,11,9,1421.29
14443.0,53,4,1420.2
16173.0,15,6,1418.32
17856.0,1,4,1418.03
17288.0,9,7,1417.63
17368.0,23,8,1416.02
14748.0,29,5,1415.75
15106.0,17,5,1415.68
16348.0,32,7,1415.65
16012.0,35,3,1415.29
15237.0,1,4,1412.32
15444.0,9,2,1411.21
14404.0,33,6,1409.72
14019.0,46,3,1408.86
14113.0,3,4,1406.92
16271.0,2,5,1404.64
18116.0,67,8,1403.11
14649.0,4,4,1402.59
16463.0,21,4,1402.4
14741.0,11,6,1400.34
15478.0,40,2,1399.92
15426.0,19,5,1396.57
17354.0,50,1,1393.06
15563.0,22,3,1391.44
13516.0,21,3,1389.41
16539.0,2,4,1388.81
15134.0,14,8,1387.99
12952.0,5,4,1387.79
13308.0,22,3,1385.51
17311.0,78,2,1384.85
15898.0,1,5,1383.83
13995.0,15,5,1383.49
15051.0,23,3,1383.36
14116.0,19,5,1382.74
16389.0,53,4,1382.07
17621.0,21,3,1379.9
12886.0,67,2,1378.4
14434.0,21,6,1372.8
15453.0,1,7,1371.77
17676.0,4,6,1371.18
13813.0,39,4,1366.86
14897.0,7,4,1366.38
16245.0,23,3,1361.21
16726.0,26,5,1358.74
17054.0,28,5,1356.33
14859.0,12,4,1353.74
14507.0,23,6,1352.88
15116.0,17,4,1352.75
16079.0,16,3,1352.0
12775.0,17,5,1351.24
16669.0,23,2,1348.48
12646.0,4,2,1346.97
15398.0,16,2,1345.53
16571.0,26,3,1345.35
13396.0,29,2,1344.64
16493.0,79,4,1342.27
15810.0,78,4,1342.03
13743.0,2,7,1341.6
12620.0,14,3,1339.41
15059.0,40,9,1337.72
17372.0,40,8,1337.18
15411.0,26,4,1336.43
12919.0,8,6,1335.19
14064.0,29,5,1334.34
15680.0,9,3,1333.68
17932.0,29,3,1331.57
12676.0,24,6,1331.39
16295.0,9,4,1328.55
13232.0,12,7,1328.35
13012.0,9,7,1326.92
17095.0,22,3,1324.16
16110.0,45,3,1320.95
14591.0,15,4,1320.21
12526.0,0,3,1316.66
12854.0,78,3,1316.25
14921.0,30,2,1316.07
12576.0,35,5,1315.83
14973.0,107,3,1314.45
18177.0,31,6,1313.62
16040.0,65,3,1313.55
12364.0,7,4,1313.1
17004.0,46,2,1312.14
12516.0,77,2,1312.06
17633.0,31,4,1309.84
14477.0,19,4,1309.6
16120.0,59,4,1309.14
14071.0,3,7,1306.16
17919.0,88,1,1304.04
14794.0,2,6,1302.96
16370.0,82,4,1301.91
17671.0,15,4,1301.03
14047.0,8,4,1299.31
12488.0,9,3,1298.66
16464.0,19,3,1298.66
12372.0,71,3,1298.04
13168.0,36,4,1297.49
16929.0,3,7,1295.39
16224.0,57,4,1295.3
18167.0,23,3,1293.36
16744.0,11,7,1291.91
14856.0,36,3,1290.53
14297.0,17,4,1290.48
14738.0,42,7,1289.94
12463.0,53,4,1288.98
15136.0,2,4,1286.7
16949.0,3,6,1286.27
17802.0,82,3,1285.04
13538.0,43,7,1280.85
15494.0,21,2,1280.58
12394.0,63,2,1272.48
13878.0,54,1,1271.57
17350.0,8,4,1271.36
16899.0,7,6,1271.06
12630.0,9,2,1270.88
14898.0,23,6,1269.31
13431.0,67,2,1269.1
15199.0,59,4,1268.7
14511.0,11,5,1267.41
17037.0,87,1,1267.32
17158.0,32,3,1266.97
13989.0,65,2,1266.08
15497.0,17,2,1262.2
16688.0,1,4,1260.86
17388.0,77,4,1259.56
15009.0,12,3,1259.43
14665.0,89,4,1259.23
17019.0,11,4,1258.08
17412.0,2,7,1258.06
17481.0,3,4,1255.59
17262.0,52,5,1253.36
14383.0,38,3,1247.69
12689.0,25,2,1247.61
13029.0,30,3,1247.5
13860.0,1,5,1245.9
16531.0,22,7,1244.59
14893.0,9,2,1237.85
18080.0,18,2,1231.5
18171.0,58,5,1231.31
15910.0,0,8,1228.88
14913.0,35,4,1227.43
17584.0,7,2,1227.3
12997.0,22,4,1226.89
12412.0,74,3,1226.88
15376.0,40,3,1221.56
15227.0,36,5,1219.4
14698.0,1,5,1217.27
14428.0,7,5,1216.56
13491.0,51,10,1215.82
12985.0,0,2,1215.62
17410.0,16,5,1214.72
13055.0,78,3,1214.41
15841.0,72,4,1214.1
18263.0,25,3,1213.16
13918.0,49,2,1212.84
12464.0,10,8,1212.05
13208.0,59,5,1211.17
17653.0,36,4,1207.56
16762.0,19,3,1207.24
14684.0,25,5,1201.51
15605.0,36,5,1198.23
16653.0,16,2,1197.81
17720.0,26,4,1195.94
15145.0,4,4,1194.73
12611.0,52,1,1193.32
16612.0,32,4,1187.66
17800.0,37,9,1187.21
15630.0,45,2,1186.35
17058.0,81,3,1179.89
16794.0,1,10,1179.55
16950.0,56,3,1178.56
16042.0,22,5,1177.47
12494.0,15,7,1177.45
12640.0,23,3,1174.58
15306.0,64,3,1174.35
14857.0,59,2,1173.12
16639.0,31,3,1170.21
12462.0,18,2,1169.69
12358.0,1,2,1168.06
15621.0,4,4,1168.01
14487.0,26,6,1165.48
14737.0,3,3,1164.55
15201.0,87,5,1164.06
14261.0,50,2,1163.45
14447.0,18,5,1163.23
16800.0,11,1,1162.65
15088.0,21,2,1160.07
13499.0,17,5,1159.11
16184.0,64,6,1158.79
12885.0,63,3,1158.27
17348.0,14,5,1156.6
13611.0,89,3,1154.4
16062.0,9,4,1153.62
12657.0,11,3,1152.06
12546.0,46,2,1141.5
17135.0,16,7,1139.73
15737.0,14,6,1139.12
13118.0,19,5,1138.41
17500.0,17,3,1138.0
13500.0,23,3,1136.77
17302.0,14,5,1135.63
17242.0,108,2,1135.04
15489.0,22,3,1134.28
16989.0,7,6,1133.25
13282.0,18,3,1132.14
18125.0,29,4,1131.75
15500.0,8,4,1131.56
13882.0,2,5,1131.28
13447.0,23,3,1129.14
14824.0,10,4,1127.71
12609.0,78,3,1126.85
17470.0,44,5,1125.07
16637.0,32,4,1124.59
14129.0,1,5,1123.86
13772.0,33,3,1122.63
13486.0,78,3,1122.41
14723.0,10,6,1122.36
16086.0,59,5,1121.39
15730.0,65,3,1120.88
17894.0,71,8,1118.96
17788.0,73,2,1117.9
13591.0,64,3,1117.13
16350.0,21,4,1116.47
15602.0,8,9,1108.57
15933.0,21,3,1107.46
17562.0,14,7,1107.38
16833.0,1,4,1106.53
17609.0,40,5,1105.78
13064.0,12,4,1105.59
13310.0,28,3,1102.68
15978.0,77,1,1098.78
13104.0,3,6,1098.48
17966.0,37,5,1098.43
14971.0,35,3,1097.98
12679.0,58,4,1097.42
14708.0,2,3,1096.67
16225.0,44,5,1096.32
13211.0,10,3,1095.42
13652.0,45,3,1095.08
15745.0,19,4,1094.59
15608.0,28,4,1093.68
18189.0,77,2,1090.24
13853.0,57,1,1090.14
14744.0,16,7,1088.53
14102.0,5,5,1082.48
14561.0,75,3,1080.76
16533.0,19,3,1080.31
13726.0,38,2,1079.66
16094.0,11,4,1078.23
16563.0,53,1,1077.74
16049.0,40,3,1074.81
13131.0,23,3,1073.3
15712.0,9,5,1072.36
13467.0,10,2,1071.91
13521.0,1,3,1071.73
13635.0,67,1,1071.03
17522.0,1,5,1070.71
13761.0,50,2,1070.65
14212.0,89,1,1070.48
16200.0,4,2,1068.87
15436.0,12,3,1067.75
14948.0,23,6,1066.57
15027.0,30,4,1066.15
13610.0,12,7,1065.88
14488.0,67,1,1064.28
12951.0,8,6,1064.07
15801.0,46,3,1063.95
12936.0,17,4,1063.9
15763.0,31,2,1061.42
15238.0,29,3,1059.49
18130.0,15,3,1059.39
16918.0,49,6,1057.12
17041.0,26,3,1055.69
15977.0,17,2,1054.73
12716.0,3,2,1053.49
14419.0,10,6,1051.79
17287.0,26,7,1049.06
16728.0,46,4,1048.28
15407.0,33,4,1046.74
14293.0,3,4,1046.56
13455.0,24,2,1043.49
14389.0,65,2,1043.46
12497.0,81,1,1043.1
17727.0,15,1,1042.55
13719.0,15,5,1041.68
18221.0,22,5,1041.61
15839.0,33,3,1036.59
17042.0,2,5,1036.58
12691.0,28,6,1035.8
16260.0,50,1,1035.45
13639.0,74,1,1033.34
12599.0,29,7,1032.58
12724.0,5,4,1031.41
16416.0,26,3,1031.4
17033.0,86,3,1030.14
16682.0,4,5,1028.0
16160.0,65,2,1025.44
14904.0,2,2,1025.44
15329.0,39,3,1023.2
17096.0,15,4,1022.13
13165.0,46,2,1021.48
12572.0,8,2,1020.42
13956.0,5,5,1019.27
12828.0,2,6,1018.71
15706.0,63,4,1017.26
15996.0,88,6,1016.68
13728.0,36,6,1016.14
12642.0,25,3,1013.26
12739.0,78,2,1013.04
17197.0,29,1,1013.01
14775.0,58,3,1011.9
16229.0,87,2,1010.6
14446.0,0,4,1010.35
12849.0,31,2,1010.29
13032.0,52,2,1010.18
17724.0,71,3,1009.2
17951.0,39,3,1008.54
14631.0,50,3,1006.98
13429.0,10,4,1006.8
13867.0,31,3,1005.09
14214.0,30,5,1004.38
13410.0,24,5,1003.06
14083.0,4,9,1002.9
15434.0,8,5,1002.48
12446.0,57,1,1002.31
12545.0,75,2,1000.39
17405.0,1,3,996.71
15110.0,23,4,996.1
13363.0,17,2,992.5
16232.0,43,4,990.88
14514.0,61,3,990.2
15062.0,71,4,987.86
18237.0,2,5,987.1
14583.0,5,5,986.96
17324.0,17,4,986.48
13117.0,21,8,984.91
17144.0,1,2,984.57
16188.0,44,4,981.86
16085.0,23,5,981.51
12541.0,29,3,981.18
18170.0,33,3,980.31
13509.0,8,7,979.72
15132.0,18,5,977.93
13026.0,1,5,975.36
14522.0,24,4,974.54
15449.0,26,3,974.52
17214.0,60,6,974.12
16009.0,22,4,972.11
15506.0,22,3,972.08
13155.0,33,4,971.76
17100.0,18,2,971.74
16376.0,8,2,966.26
14138.0,1,2,965.88
15860.0,40,8,965.16
12550.0,79,1,964.83
14931.0,4,4,964.68
13138.0,22,6,962.39
15156.0,1,3,961.49
18192.0,71,1,957.97
13823.0,18,2,957.66
12697.0,28,3,957.59
14629.0,4,2,955.26
15948.0,8,2,955.24
17244.0,53,1,954.9
15835.0,44,4,954.09
14540.0,9,3,952.66
15421.0,58,4,950.36
13636.0,36,5,949.12
15793.0,14,3,948.96
17044.0,25,1,948.48
12458.0,71,2,947.4
15747.0,12,3,946.64
15681.0,28,4,946.36
12994.0,4,3,944.67
12820.0,3,4,942.34
14075.0,4,3,942.26
15289.0,29,3,939.78
17227.0,18,6,939.32
17097.0,2,8,937.92
16584.0,80,2,936.08
12924.0,88,4,933.7
15787.0,26,3,933.26
16934.0,54,2,931.03
17289.0,31,3,931.02
17552.0,60,4,930.41
17618.0,5,3,930.28
13350.0,16,2,929.17
16907.0,29,5,928.76
14475.0,71,3,925.85
15312.0,75,4,924.85
13805.0,52,2,924.6
15654.0,9,2,922.53
15576.0,37,1,921.37
17018.0,40,2,920.1
14140.0,3,2,920.05
16511.0,21,3,918.33
13549.0,25,7,918.2
15253.0,16,5,918.2
17526.0,4,4,918.1
14015.0,52,1,917.34
14712.0,29,3,917.07
15707.0,35,4,916.98
17236.0,12,6,916.13
14141.0,2,4,915.13
16809.0,23,5,914.69
15587.0,50,4,913.68
14289.0,8,6,911.26
13689.0,63,1,910.0
13782.0,12,6,908.86
13038.0,80,3,908.46
15807.0,50,3,903.9
17323.0,19,6,901.57
17848.0,81,9,901.2
15511.0,11,5,900.53
12940.0,54,2,899.69
17527.0,53,4,898.81
17731.0,79,4,898.0
14359.0,19,3,897.18
13035.0,73,2,896.68
18194.0,82,1,896.0
15865.0,40,3,895.13
15211.0,60,2,894.41
12772.0,59,1,892.47
16361.0,9,4,891.21
13515.0,72,4,891.12
15255.0,66,1,890.85
14240.0,30,2,890.34
17007.0,50,6,889.93
17537.0,29,2,887.67
14449.0,18,4,885.8
15822.0,3,2,885.47
15799.0,75,3,884.14
15907.0,3,3,882.72
18236.0,29,6,882.24
17109.0,29,6,881.29
16900.0,16,3,877.84
16513.0,4,4,874.59
16657.0,9,4,874.43
15208.0,1,5,870.12
13200.0,19,4,870.09
13979.0,73,1,869.87
17566.0,8,2,869.77
13203.0,9,4,869.46
17886.0,31,3,869.28
14912.0,16,2,867.85
14715.0,24,4,867.38
16235.0,40,5,867.31
14623.0,32,5,866.8
14597.0,11,2,866.24
13846.0,24,3,865.06
12680.0,0,4,862.81
16266.0,73,7,861.89
16221.0,36,3,860.86
12794.0,53,2,860.41
14577.0,12,4,859.71
14553.0,19,5,859.27
13566.0,40,2,856.84
17064.0,58,3,855.45
16121.0,57,2,854.66
14193.0,67,2,853.39
13991.0,12,6,852.88
15022.0,11,4,852.39
12379.0,81,2,852.24
16070.0,22,2,852.15
16020.0,16,3,851.01
18096.0,11,3,849.06
12713.0,0,1,848.55
16347.0,11,2,847.45
16877.0,12,6,846.62
12847.0,22,1,843.64
17624.0,14,2,843.48
17929.0,11,4,843.0
14862.0,25,2,841.2
17076.0,36,3,841.08
14332.0,22,3,840.21
13940.0,17,4,839.14
14657.0,17,4,838.27
12728.0,71,4,836.33
16747.0,37,2,836.06
17027.0,78,6,835.86
17169.0,57,2,835.78
13835.0,25,4,834.57
15066.0,53,1,833.24
15862.0,8,4,832.88
14644.0,67,2,830.76
13681.0,17,4,827.83
17115.0,8,3,824.75
16164.0,17,3,822.48
12778.0,19,6,822.23
17921.0,64,4,820.23
17759.0,17,3,819.96
13220.0,78,4,819.29
16869.0,22,4,817.12
16560.0,26,2,816.51
15399.0,1,3,815.77
17075.0,17,4,813.77
16600.0,4,6,813.52
16621.0,51,4,813.48
14421.0,57,2,813.11
16284.0,31,2,812.68
16460.0,28,3,811.23
16624.0,80,2,810.57
16660.0,16,3,810.45
15965.0,17,4,808.87
14499.0,26,3,808.44
12421.0,15,4,807.04
13637.0,52,3,804.3
18265.0,72,2,801.51
16367.0,37,2,800.67
17905.0,71,4,798.99
17703.0,35,3,798.74
16438.0,5,5,798.35
13389.0,11,3,797.96
12701.0,79,2,797.71
13336.0,77,1,795.12
15831.0,58,3,794.64
15533.0,19,3,793.72
15990.0,44,2,792.11
13167.0,18,4,791.33
13016.0,73,3,789.89
16759.0,7,3,789.79
13323.0,3,5,787.85
13884.0,7,5,787.6
13212.0,19,3,786.83
13109.0,59,2,786.54
12628.0,4,3,786.46
15806.0,46,3,784.58
15952.0,33,4,781.91
17006.0,4,4,781.78
15679.0,24,4,781.28
15239.0,10,2,780.59
17797.0,22,3,780.43
18228.0,56,2,779.9
17411.0,12,3,778.94
13375.0,88,1,778.65
14815.0,36,2,778.5
17414.0,43,2,778.0
16505.0,31,1,777.6
12425.0,78,1,777.2
15743.0,16,4,775.96
13329.0,31,2,775.8
16825.0,38,2,775.18
15414.0,9,3,774.9
16043.0,37,4,773.99
15075.0,77,1,773.03
17764.0,50,2,772.55
14412.0,42,2,770.03
12965.0,89,1,769.81
16480.0,75,1,769.29
17180.0,56,4,768.32
13356.0,80,1,768.24
14976.0,57,7,765.86
12427.0,21,3,765.32
17516.0,15,5,764.88
16924.0,21,3,763.89
17268.0,107,4,763.64
17466.0,10,2,763.28
18136.0,63,3,761.83
15599.0,26,2,761.74
14883.0,18,6,761.59
17425.0,19,2,759.17
16036.0,87,2,758.92
15568.0,2,3,758.29
16205.0,30,4,757.63
14550.0,10,2,757.37
15618.0,32,4,756.93
17114.0,5,8,754.77
18104.0,37,1,754.64
14234.0,22,4,754.12
16470.0,51,4,752.77
13030.0,11,2,752.44
12781.0,63,2,750.98
17146.0,105,3,749.78
14923.0,50,1,749.1
15656.0,45,4,748.5
17387.0,19,2,746.81
14050.0,31,2,746.36
17034.0,16,3,745.52
14790.0,16,4,745.06
13236.0,24,2,744.85
13354.0,71,1,743.53
12374.0,25,1,742.93
16891.0,1,5,742.43
12465.0,17,2,742.19
14662.0,28,4,741.37
15252.0,36,2,740.78
16554.0,42,3,740.25
12413.0,66,3,740.1
12603.0,21,1,739.2
14756.0,15,1,738.96
17461.0,22,3,735.82
15074.0,105,1,735.67
15215.0,46,3,734.94
15561.0,11,4,732.64
13575.0,23,5,732.07
16099.0,50,3,731.9
16770.0,57,5,731.9
16491.0,46,1,731.5
13736.0,5,2,728.95
13950.0,11,4,728.56
16261.0,17,4,728.54
17666.0,3,2,728.16
13077.0,1,4,728.02
14055.0,106,1,725.64
12723.0,3,5,725.07
15636.0,89,2,724.76
12475.0,53,1,723.38
17521.0,29,3,723.21
15272.0,57,2,721.94
14869.0,8,2,721.45
16023.0,46,3,719.81
15525.0,2,3,719.47
13623.0,30,5,717.79
14201.0,60,7,717.74
15274.0,4,2,716.57
15584.0,23,4,715.36
15330.0,32,2,714.96
15757.0,65,2,714.42
18035.0,35,3,713.89
13169.0,63,2,712.88
13147.0,10,4,712.8
17761.0,32,1,712.78
17979.0,35,4,712.51
13416.0,43,2,712.5
13705.0,7,3,711.86
16136.0,59,3,709.38
15951.0,8,2,708.22
16140.0,65,2,708.18
16309.0,106,2,706.57
16364.0,11,2,705.79
16882.0,66,3,705.12
17934.0,51,2,704.25
12612.0,74,1,704.04
17974.0,24,3,703.99
12883.0,24,4,703.47
15103.0,31,2,703.36
16730.0,52,3,702.79
14179.0,40,2,701.57
14198.0,18,4,701.4
17734.0,53,3,700.63
17812.0,12,4,699.81
17423.0,46,2,698.41
15800.0,107,2,696.89
14959.0,64,4,695.42
17884.0,3,4,695.07
16015.0,3,3,694.65
15304.0,60,8,694.4
12925.0,4,2,694.05
15053.0,4,3,693.95
13601.0,45,2,693.32
14111.0,14,4,692.85
17198.0,23,3,692.22
17733.0,38,2,692.19
14880.0,77,3,690.59
16212.0,19,2,690.34
17796.0,40,4,690.0
13023.0,64,2,689.9
15181.0,66,3,689.48
17502.0,9,4,689.1
16642.0,4,2,688.33
16362.0,32,5,688.19
12658.0,18,1,686.05
16122.0,73,4,684.42
15669.0,40,4,684.34
14356.0,79,2,683.89
15582.0,24,3,682.91
14829.0,29,4,682.55
18135.0,29,5,681.91
17397.0,22,2,681.41
12478.0,3,1,680.99
18082.0,25,1,680.84
13238.0,17,4,680.83
13524.0,40,5,680.18
16872.0,77,3,680.02
14788.0,7,2,679.44
13040.0,8,2,676.99
15626.0,74,2,675.8
17462.0,60,2,675.69
18156.0,12,2,675.64
13607.0,40,1,675.51
13325.0,81,1,675.3
13838.0,5,4,674.82
13464.0,58,1,674.68
14504.0,47,4,673.26
13258.0,11,3,672.83
12838.0,33,2,671.95
12638.0,33,1,671.69
14342.0,21,4,668.56
13741.0,71,3,668.43
16268.0,71,2,667.65
13430.0,18,2,666.97
17883.0,3,4,664.34
16208.0,44,2,664.26
13596.0,5,2,664.11
14720.0,5,3,663.81
16774.0,67,4,661.52
13028.0,22,2,661.32
15197.0,10,3,660.21
15492.0,28,2,659.46
13759.0,33,2,659.41
16357.0,33,3,658.88
14150.0,35,2,658.64
14818.0,73,3,657.8
17459.0,43,2,657.3
15677.0,49,1,657.23
17321.0,8,2,657.16
16157.0,15,3,656.69
13049.0,64,2,656.68
16708.0,45,1,656.63
17299.0,11,4,656.61
16127.0,39,1,656.25
14725.0,24,1,655.58
16444.0,46,4,654.67
14651.0,67,2,653.75
13496.0,10,2,653.33
15031.0,4,4,653.19
17523.0,11,4,652.74
16056.0,45,1,650.75
15571.0,11,4,650.43
16969.0,39,3,650.41
16495.0,3,3,648.26
17777.0,24,3,647.56
17373.0,40,4,646.92
16014.0,37,3,646.83
16734.0,52,3,646.76
12589.0,28,2,646.68
14044.0,26,4,646.42
15651.0,36,3,646.3
14451.0,60,2,643.9
16383.0,74,2,643.76
14126.0,10,2,643.63
14020.0,16,2,642.8
13034.0,54,2,642.77
17545.0,43,3,642.32
15297.0,10,3,641.94
12624.0,106,2,641.13
13417.0,4,2,640.83
13318.0,1,3,640.76
12631.0,57,1,640.5
17515.0,31,4,639.02
18160.0,57,2,638.06
14754.0,44,2,638.05
17779.0,21,3,637.82
14128.0,60,2,637.5
14664.0,19,2,636.24
15773.0,5,1,635.68
16139.0,18,3,635.41
13892.0,26,4,632.97
13822.0,5,2,632.0
15244.0,65,2,631.57
17985.0,22,1,631.35
16418.0,44,3,631.12
13046.0,30,2,629.31
13525.0,14,2,628.78
14687.0,106,1,628.38
15028.0,8,4,627.13
16469.0,23,4,625.42
16750.0,44,5,623.93
12649.0,107,3,623.51
18217.0,29,2,621.75
16915.0,9,6,621.68
17640.0,86,1,621.66
14152.0,75,2,621.29
13546.0,12,3,621.09
16141.0,88,1,620.4
12667.0,58,1,620.13
13145.0,39,4,618.52
12596.0,51,2,618.27
14593.0,21,3,617.15
16311.0,17,2,616.26
14382.0,26,1,615.49
15275.0,37,1,615.14
16566.0,15,5,614.66
13914.0,11,2,613.95
18022.0,35,1,612.72
15073.0,9,3,612.43
18149.0,50,3,612.08
15645.0,18,1,612.01
12673.0,5,2,610.52
14636.0,36,2,609.85
12719.0,5,2,609.55
13314.0,1,2,609.31
16442.0,1,3,609.3
16134.0,21,2,607.89
12933.0,24,3,607.53
17119.0,3,2,606.91
13233.0,74,2,605.12
17664.0,18,2,604.64
12944.0,35,2,604.51
16732.0,31,1,603.75
15366.0,75,2,602.51
12654.0,10,5,601.98
14609.0,72,4,601.56
12420.0,63,1,600.39
18211.0,25,5,600.07
12556.0,50,2,599.56
14710.0,14,4,599.48
17420.0,50,3,598.83
15720.0,24,1,598.73
13311.0,4,2,598.57
16298.0,22,3,598.2
14108.0,30,2,597.91
14675.0,16,1,596.36
17867.0,30,6,596.27
14467.0,17,4,596.26
18246.0,23,2,596.1
12577.0,35,3,595.4
14284.0,30,2,595.25
13558.0,5,4,594.52
13959.0,79,3,594.04
16535.0,5,1,593.75
18232.0,81,4,592.97
16203.0,58,4,592.9
15573.0,31,2,591.19
13276.0,63,2,590.93
14882.0,26,2,589.7
17351.0,36,3,587.15
12384.0,28,2,585.27
16384.0,89,2,584.5
14023.0,7,2,584.07
13557.0,28,2,584.06
15762.0,65,2,583.75
17014.0,8,3,583.43
15969.0,2,3,582.9
13427.0,19,3,582.6
12695.0,7,4,582.1
13292.0,38,2,578.94
17540.0,24,2,578.9
16005.0,12,4,578.71
14529.0,60,3,578.61
15550.0,4,4,575.63
13487.0,57,3,575.4
18123.0,24,2,574.44
15339.0,66,2,574.07
12879.0,44,3,573.22
13379.0,26,3,572.56
13405.0,74,3,572.45
13816.0,23,2,571.67
15821.0,44,2,570.96
13939.0,23,3,568.55
17360.0,17,3,568.24
13321.0,72,2,567.36
18150.0,32,3,566.58
16345.0,44,1,565.46
13894.0,23,3,564.62
14753.0,87,1,563.15
14167.0,39,4,562.59
16916.0,23,2,562.41
13946.0,79,3,561.57
14273.0,51,4,559.97
16906.0,81,4,559.59
17503.0,2,2,558.96
12987.0,73,2,558.7
16933.0,1,2,558.28
14592.0,35,3,557.94
13260.0,61,1,557.62
15830.0,37,1,556.2
16385.0,60,3,554.86
17864.0,12,3,554.85
14618.0,9,3,553.44
15068.0,46,2,553.36
15315.0,64,2,551.54
17674.0,74,2,551.04
17235.0,25,2,550.06
12390.0,79,1,549.84
14177.0,86,4,549.46
14474.0,46,1,547.66
16811.0,4,2,547.07
17637.0,31,2,547.06
16211.0,88,1,547.02
17295.0,28,3,547.0
17520.0,53,1,546.81
17658.0,25,2,546.58
14805.0,15,4,546.4
14997.0,46,3,546.2
17806.0,11,1,546.04
16475.0,88,4,544.3
13617.0,40,3,544.18
13390.0,74,1,544.08
13278.0,40,1,542.73
14034.0,22,3,541.59
17447.0,40,2,541.53
17557.0,14,3,541.46
13812.0,42,3,539.0
15469.0,50,2,538.55
15539.0,7,1,538.46
14539.0,15,2,537.48
16206.0,54,4,537.06
15043.0,31,1,537.0
16804.0,23,3,536.99
13000.0,106,3,534.85
16340.0,107,1,534.31
13434.0,74,2,534.24
16325.0,46,3,533.04
12784.0,9,2,532.82
16706.0,37,3,531.35
16185.0,16,2,529.41
18043.0,24,3,529.29
15452.0,29,3,528.48
17631.0,1,3,528.33
15756.0,61,4,528.01
17623.0,32,1,527.05
15919.0,19,2,525.69
15467.0,9,3,524.88
13721.0,36,1,524.14
17329.0,14,2,523.11
18017.0,81,3,523.0
17712.0,44,1,522.91
12863.0,52,1,521.2
17345.0,15,4,519.69
12571.0,39,2,519.61
13643.0,31,3,519.44
16650.0,71,1,518.42
15030.0,71,2,518.28
18252.0,50,2,518.27
16892.0,1,5,518.19
18205.0,36,2,517.36
17888.0,38,6,515.73
17513.0,72,1,513.2
16602.0,36,1,513.08
17290.0,3,2,513.01
17805.0,73,1,512.31
17480.0,77,1,511.82
14851.0,23,2,511.35
16561.0,5,2,511.12
14317.0,64,1,508.58
17415.0,79,1,507.84
14158.0,40,1,507.66
14820.0,21,4,507.29
16960.0,38,3,507.05
14014.0,77,1,505.18
15344.0,0,3,504.14
12991.0,23,2,503.76
16863.0,31,2,502.8
13865.0,58,4,501.56
14871.0,3,4,501.28
13247.0,17,4,501.12
16898.0,26,3,501.03
16616.0,15,2,500.42
14077.0,40,5,499.42
15193.0,60,1,499.32
14681.0,71,3,498.95
16488.0,33,3,498.8
15142.0,46,1,498.74
17495.0,7,2,497.56
15300.0,64,1,496.44
12904.0,18,2,496.06
15081.0,22,5,494.85
16352.0,17,2,494.44
13732.0,28,1,491.86
14236.0,80,2,490.86
15000.0,47,1,490.52
14416.0,22,2,490.22
17361.0,49,3,488.2
13984.0,26,4,488.03
14396.0,65,2,487.99
12479.0,11,1,487.2
15406.0,31,2,486.91
17453.0,17,2,486.72
15287.0,22,2,486.69
13153.0,5,1,486.22
16999.0,23,2,484.82
16518.0,61,2,484.32
12808.0,36,3,483.65
16603.0,74,2,482.47
18216.0,31,1,481.75
13176.0,46,1,481.49
15091.0,67,1,480.71
15006.0,51,1,480.38
17555.0,19,2,480.31
16368.0,2,2,479.91
16008.0,23,3,478.78
16233.0,71,3,476.88
14853.0,24,2,475.8
17950.0,72,3,472.12
16038.0,7,3,471.78
15721.0,11,1,471.4
15963.0,19,2,470.76
15026.0,80,3,469.0
15557.0,28,1,468.91
13171.0,21,3,468.41
14147.0,78,2,468.4
14029.0,63,2,467.66
15468.0,51,2,467.51
13579.0,14,2,467.04
16374.0,66,2,466.73
14205.0,16,2,466.7
16504.0,25,1,465.88
16742.0,46,1,464.9
13928.0,10,4,464.57
14967.0,49,1,463.8
12787.0,9,3,463.66
17418.0,42,2,463.46
17964.0,31,2,463.21
14470.0,11,2,461.19
16824.0,15,2,460.64
12491.0,38,1,460.4
16768.0,47,3,459.29
16589.0,71,3,459.24
15754.0,51,3,458.57
15121.0,50,2,457.72
12375.0,10,2,457.5
15018.0,38,3,456.26
14335.0,16,2,454.86
15471.0,2,1,454.48
15475.0,77,1,454.11
17564.0,24,3,454.01
18158.0,9,2,453.4
14184.0,66,1,452.89
16574.0,71,1,451.44
14173.0,10,4,450.84
16885.0,15,3,450.41
13489.0,105,4,449.52
12448.0,44,1,449.45
15739.0,66,1,449.12
17579.0,4,3,448.9
14780.0,54,2,447.68
15368.0,21,1,446.94
17370.0,72,4,446.18
18006.0,23,1,444.68
14638.0,50,1,443.6
15524.0,24,1,440.0
12391.0,21,1,439.66
16025.0,29,1,439.66
13359.0,63,1,439.56
16968.0,4,2,439.43
14272.0,73,2,437.96
15877.0,1,2,437.83
12552.0,38,2,437.82
15551.0,36,1,436.06
14093.0,12,1,433.86
16236.0,78,1,432.2
16881.0,66,1,432.0
13066.0,24,2,430.9
13245.0,50,1,430.5
12795.0,18,1,430.48
12827.0,5,3,430.15
16884.0,37,2,429.84
15450.0,30,1,429.84
15036.0,72,3,429.56
15553.0,60,1,428.93
13602.0,64,1,428.89
15957.0,31,1,428.89
12579.0,78,1,428.72
17869.0,107,5,428.18
15360.0,39,1,427.93
12403.0,49,1,427.7
12740.0,63,1,427.6
15930.0,67,1,426.63
14157.0,19,2,424.89
16119.0,8,2,423.36
13473.0,60,2,422.64
18240.0,46,1,422.58
13140.0,108,3,422.47
14757.0,75,1,420.5
15206.0,10,4,420.3
18034.0,21,2,418.68
17371.0,17,3,418.4
12593.0,108,3,418.1
17232.0,2,2,417.77
16737.0,53,1,417.6
15803.0,51,1,415.82
14139.0,46,1,415.82
12930.0,78,2,415.8
15725.0,15,1,415.25
18001.0,12,2,415.13
12993.0,23,4,414.76
15994.0,54,1,414.27
17483.0,65,3,414.04
13974.0,49,1,413.59
17134.0,106,2,413.2
15186.0,14,2,411.41
13827.0,57,3,409.8
12990.0,31,3,409.5
16243.0,33,2,409.1
16018.0,39,2,408.9
15269.0,23,1,408.8
17913.0,58,2,408.65
16629.0,73,2,408.63
16399.0,19,2,408.02
15127.0,65,1,406.53
12970.0,7,4,405.47
15012.0,53,2,405.04
12498.0,21,3,403.7
18036.0,32,3,403.12
14333.0,67,1,402.7
15184.0,29,2,402.2
14910.0,2,4,401.97
15158.0,45,1,401.4
16500.0,4,6,400.86
16198.0,75,1,400.68
18164.0,37,1,399.65
13255.0,9,2,399.51
18154.0,3,2,399.19
17052.0,28,1,399.09
17830.0,1,3,398.7
15522.0,32,2,397.99
13352.0,60,1,397.98
12508.0,26,2,397.88
15967.0,23,2,397.68
15429.0,26,2,397.35
12824.0,59,1,397.12
13594.0,52,1,396.97
15883.0,2,2,396.48
18067.0,40,1,396.33
16354.0,63,2,395.8
17603.0,78,1,394.72
16207.0,25,1,394.38
15264.0,64,1,393.74
15837.0,64,1,391.98
17379.0,11,1,389.72
14752.0,43,1,389.64
13954.0,1,2,389.42
15847.0,38,2,389.27
15592.0,46,1,388.58
13899.0,16,2,388.52
14538.0,64,2,388.25
17817.0,4,3,387.68
13673.0,18,2,387.44
17595.0,12,2,386.69
15664.0,50,1,386.43
17614.0,57,1,386.32
17711.0,10,2,385.1
17357.0,24,2,384.39
16204.0,23,1,384.18
17205.0,53,1,384.08
16982.0,60,1,384.06
17189.0,106,2,383.75
15440.0,54,3,383.68
12832.0,32,2,383.03
13817.0,29,2,382.98
13657.0,10,2,382.14
17250.0,3,2,381.97
16441.0,67,2,381.2
15048.0,65,4,381.0
17999.0,37,2,380.39
17031.0,11,2,380.35
17936.0,5,1,380.13
14731.0,47,3,380.02
13589.0,14,2,379.65
17878.0,43,1,379.45
16930.0,26,3,378.89
13372.0,89,1,378.64
17078.0,36,2,378.2
12890.0,24,1,376.72
17489.0,58,2,376.64
14448.0,9,2,375.35
14067.0,63,2,374.7
16239.0,56,2,374.6
13919.0,59,2,374.31
13351.0,66,1,373.94
15345.0,45,1,373.59
12544.0,36,1,372.7
12981.0,29,2,372.22
18155.0,75,3,371.62
16776.0,60,1,371.54
14950.0,19,1,371.2
16758.0,65,1,369.34
18181.0,24,1,366.85
17911.0,9,1,366.23
17432.0,18,2,365.76
15949.0,16,2,364.72
15343.0,87,1,364.5
14528.0,37,1,364.22
16909.0,72,1,364.14
12538.0,29,1,363.95
17330.0,22,2,363.9
16485.0,77,1,363.65
14427.0,50,2,363.34
14594.0,7,2,363.33
16903.0,29,1,363.2
17573.0,29,3,362.9
16052.0,54,1,362.06
15025.0,33,1,361.96
13844.0,11,1,361.62
16595.0,61,1,360.16
13780.0,7,2,360.01
13298.0,1,1,360.0
13228.0,81,1,358.0
17025.0,60,3,357.77
16971.0,38,1,357.21
18040.0,19,2,357.2
14500.0,88,3,356.85
12895.0,42,2,355.8
16372.0,33,2,355.73
15840.0,58,2,355.56
14537.0,57,1,355.56
16689.0,75,2,355.1
14690.0,44,2,355.05
13173.0,4,2,353.65
14804.0,8,1,353.27
12617.0,29,1,352.98
15678.0,52,1,352.7
18112.0,12,2,352.69
15901.0,16,3,351.73
12566.0,86,1,351.65
15870.0,32,1,351.44
13923.0,53,1,351.13
13332.0,14,1,350.9
12452.0,16,1,350.57
12532.0,30,1,349.83
13670.0,75,1,349.7
13927.0,74,1,348.99
13790.0,4,1,348.8
12527.0,81,3,348.71
14379.0,44,2,348.1
17668.0,1,2,347.75
18127.0,19,3,347.08
13587.0,63,1,347.0
16423.0,24,1,346.12
13091.0,28,1,345.82
15781.0,25,3,345.46
13774.0,81,1,345.0
16978.0,77,1,344.33
13068.0,10,2,344.0
15520.0,1,1,343.5
18081.0,36,3,343.45
12715.0,106,1,343.36
16851.0,4,3,342.45
17835.0,2,3,342.24
16826.0,51,1,341.7
15115.0,18,1,340.11
16183.0,67,1,338.71
13569.0,17,2,338.62
17736.0,9,2,337.49
13930.0,57,2,337.34
15900.0,23,1,337.28
17973.0,51,1,337.04
17384.0,19,2,336.4
15619.0,10,1,336.4
14196.0,106,1,335.52
17917.0,45,3,335.03
17221.0,7,2,334.48
13727.0,28,2,333.48
14902.0,25,1,332.66
13904.0,37,2,332.64
16803.0,65,1,332.3
16177.0,50,1,331.95
16478.0,25,3,331.0
12519.0,63,1,330.84
14517.0,33,2,330.45
16593.0,50,3,330.03
15714.0,11,2,330.03
12953.0,9,1,329.85
17914.0,3,1,329.36
17154.0,75,1,329.34
15153.0,31,1,329.25
17222.0,65,1,328.65
16343.0,16,2,328.58
16855.0,23,2,328.4
16318.0,35,1,328.15
16366.0,18,1,327.3
16322.0,1,2,326.75
14987.0,15,2,326.4
16071.0,44,1,326.24
12844.0,29,2,325.96
16830.0,38,1,325.91
13801.0,66,1,324.8
15597.0,35,1,324.57
16685.0,61,2,324.24
18261.0,43,2,324.24
15675.0,81,3,323.69
18276.0,43,1,323.36
16627.0,79,1,322.8
16342.0,75,4,322.41
14424.0,17,1,322.08
14484.0,50,1,321.92
13986.0,17,1,320.46
17157.0,7,2,319.0
14703.0,14,1,318.17
17839.0,42,1,318.15
18066.0,75,1,318.0
17172.0,78,1,317.76
15101.0,8,2,317.53
15385.0,40,1,316.88
15243.0,74,1,316.68
17458.0,15,1,316.5
15872.0,14,2,316.25
18117.0,25,1,315.65
15766.0,64,1,315.06
17237.0,11,2,314.69
12650.0,3,1,314.44
13845.0,64,1,312.98
15318.0,3,1,312.62
14555.0,57,2,312.54
14951.0,79,1,311.69
13897.0,50,1,311.16
15699.0,17,1,309.65
12884.0,88,1,309.05
13787.0,75,2,309.04
15010.0,35,1,308.94
16956.0,17,1,308.74
17510.0,24,1,308.48
16123.0,51,1,307.78
13529.0,78,2,307.76
14716.0,43,2,307.51
13142.0,19,1,307.09
16668.0,15,6,306.72
18059.0,23,3,306.46
15659.0,43,1,306.45
16796.0,89,1,305.62
16181.0,73,1,305.54
15163.0,18,2,304.47
16674.0,54,2,304.24
13083.0,4,2,303.75
17433.0,88,1,303.16
16386.0,28,2,302.57
17506.0,75,1,302.2
15054.0,12,2,302.1
16715.0,78,1,301.72
15667.0,39,1,301.32
15148.0,10,1,301.29
16430.0,57,1,300.85
16479.0,10,2,300.83
17793.0,25,1,300.34
18215.0,89,1,299.34
17824.0,51,1,298.4
16104.0,61,1,298.21
15857.0,18,1,297.0
17266.0,2,3,296.58
13504.0,64,1,295.93
14954.0,12,1,294.85
15060.0,8,4,294.25
17163.0,21,2,293.1
13502.0,16,3,292.0
13449.0,23,1,291.88
17255.0,40,2,291.48
14947.0,72,2,290.82
16648.0,42,1,290.66
13573.0,50,2,290.25
14784.0,26,2,289.99
17201.0,53,1,289.78
15545.0,54,2,288.97
17081.0,25,2,288.91
17977.0,29,1,288.14
17080.0,22,2,287.62
17760.0,21,2,287.59
16432.0,64,1,287.4
13760.0,54,2,286.79
16555.0,35,2,285.89
14660.0,86,2,285.74
14953.0,25,1,285.67
17636.0,19,1,285.56
16429.0,106,1,284.55
12703.0,71,1,283.55
17783.0,72,2,283.47
13259.0,61,1,283.18
13177.0,64,1,282.45
16557.0,24,2,281.85
16848.0,52,1,281.42
16149.0,4,2,280.52
17247.0,15,1,280.09
14975.0,57,1,279.94
15556.0,24,1,279.77
14480.0,11,1,279.05
14764.0,46,1,278.3
14908.0,74,1,277.8
15355.0,29,2,277.05
13606.0,29,3,276.75
13272.0,31,2,276.56
13544.0,39,2,276.06
16313.0,3,2,274.15
17498.0,75,1,272.22
14819.0,64,2,272.07
13917.0,49,2,272.04
13058.0,24,3,271.4
17767.0,15,1,271.2
17254.0,4,2,271.19
17011.0,30,1,270.9
14520.0,1,2,270.6
14508.0,22,2,268.05
15320.0,44,1,267.13
16451.0,87,1,266.97
14863.0,29,1,266.76
12962.0,7,2,266.39
17430.0,32,2,265.76
17403.0,36,1,263.92
12492.0,63,2,263.21
16413.0,56,1,262.2
16936.0,25,1,261.9
13189.0,18,2,260.68
13127.0,77,1,259.17
14452.0,10,2,259.05
13277.0,15,4,258.4
15014.0,43,2,257.67
12430.0,43,1,256.4
13806.0,63,1,256.38
17896.0,23,1,256.32
17385.0,14,1,256.11
15277.0,46,1,255.9
14761.0,58,2,255.9
14881.0,19,1,255.4
12604.0,79,2,254.18
14765.0,29,3,254.11
15035.0,89,1,252.73
13404.0,1,2,252.49
16836.0,39,2,251.87
17155.0,17,2,251.7
16024.0,12,1,251.03
13207.0,15,2,250.26
16596.0,15,2,250.15
17190.0,58,1,249.74
13061.0,72,1,248.61
16330.0,17,3,248.16
15097.0,4,1,248.08
13592.0,35,4,247.96
13349.0,10,1,247.32
14658.0,5,2,247.15
15783.0,10,1,246.3
16778.0,74,2,245.94
17771.0,56,2,245.81
12660.0,11,1,245.1
18270.0,38,2,244.9
16528.0,3,1,244.41
17892.0,56,3,244.1
13103.0,39,1,243.94
16793.0,57,1,243.84
13886.0,71,1,243.56
15634.0,17,1,243.55
16601.0,40,1,242.7
16215.0,80,1,242.35
14523.0,108,1,241.09
15598.0,53,1,240.68
15286.0,49,1,240.55
13565.0,19,2,240.22
17256.0,107,2,240.0
17181.0,57,2,239.92
15690.0,4,2,239.76
17684.0,43,1,239.41
12718.0,71,1,238.25
16026.0,43,1,236.09
15850.0,19,2,234.88
14473.0,74,2,234.34
13348.0,64,1,233.76
14995.0,38,2,231.98
15393.0,16,2,231.86
17111.0,47,1,231.61
16641.0,105,1,231.1
16321.0,72,3,230.7
18030.0,4,2,230.65
16445.0,33,1,230.51
17125.0,50,1,230.5
13960.0,21,2,230.22
12812.0,44,1,229.64
14793.0,21,1,228.99
17347.0,86,1,228.96
13146.0,26,1,228.91
16527.0,81,1,228.06
14569.0,1,1,227.39
17572.0,71,4,226.75
18005.0,3,2,226.47
14624.0,57,2,225.85
14052.0,19,1,225.36
14357.0,43,1,225.12
15154.0,75,1,224.73
15175.0,71,1,224.14
16753.0,58,1,223.92
14929.0,32,1,223.88
13926.0,23,1,223.85
15637.0,52,1,223.36
17534.0,53,1,223.36
16777.0,80,2,222.62
18101.0,11,2,222.4
14598.0,44,1,221.97
14960.0,8,2,221.27
13419.0,63,1,221.06
16482.0,15,1,220.62
13079.0,4,5,220.1
15096.0,42,1,219.39
12702.0,19,1,219.0
15790.0,10,1,218.75
13669.0,50,2,218.55
13739.0,18,1,216.9
13503.0,71,1,216.85
15604.0,52,1,216.39
17436.0,1,2,216.3
13858.0,57,1,216.17
16179.0,60,1,215.83
16189.0,15,2,215.48
16519.0,25,2,215.08
16190.0,40,1,215.08
12588.0,39,1,214.9
16846.0,50,1,214.32
14601.0,10,1,213.96
17153.0,24,1,213.78
13411.0,107,1,213.55
15540.0,11,1,213.3
17928.0,45,2,212.54
16017.0,47,1,211.88
16411.0,19,2,211.7
13532.0,33,1,210.31
13828.0,22,1,209.49
15327.0,52,1,208.75
16690.0,72,2,208.63
17166.0,38,2,206.34
15758.0,24,1,205.25
17206.0,53,1,204.24
13017.0,7,1,204.0
18273.0,2,3,204.0
14381.0,52,1,202.68
18169.0,60,1,202.65
14984.0,19,2,202.37
16895.0,64,1,202.27
14385.0,9,3,202.11
13428.0,10,1,201.78
18126.0,60,1,200.92
16415.0,44,1,200.27
13980.0,60,1,200.14
13322.0,17,1,199.48
12581.0,39,1,197.71
14789.0,28,1,197.64
12586.0,17,1,196.94
13436.0,1,1,196.89
13978.0,14,2,196.79
13792.0,66,2,195.55
17010.0,18,1,195.36
14666.0,24,1,195.25
15612.0,36,2,195.15
17475.0,79,1,194.37
16847.0,43,1,193.44
14806.0,75,1,193.39
17383.0,4,1,193.39
12522.0,39,2,192.72
16887.0,35,1,192.33
17608.0,33,2,191.99
14087.0,2,1,191.47
17988.0,11,7,191.17
15692.0,28,1,191.04
17233.0,35,1,190.88
14801.0,61,1,189.34
14830.0,53,1,188.88
17279.0,57,1,187.83
14551.0,18,2,186.23
15567.0,18,1,186.01
17680.0,23,1,184.4
16433.0,28,1,184.26
15124.0,22,2,184.19
16914.0,36,1,183.76
16680.0,43,1,183.7
13460.0,29,2,183.44
14966.0,14,1,183.02
15886.0,60,1,181.09
16594.0,75,1,181.09
17904.0,21,1,181.07
13710.0,31,1,180.48
18147.0,45,2,179.34
16620.0,3,2,178.96
18045.0,45,1,178.34
17253.0,18,1,178.26
18282.0,7,2,178.05
12618.0,21,1,177.31
17947.0,37,1,176.68
16080.0,81,2,176.6
12893.0,30,1,176.55
14518.0,64,1,174.37
18278.0,73,1,173.9
16861.0,59,2,173.76
14798.0,52,3,173.74
17772.0,10,2,173.45
15565.0,50,2,173.16
12923.0,64,1,172.82
13271.0,37,1,172.37
13690.0,59,1,172.25
12442.0,3,1,172.06
16773.0,57,1,171.59
18110.0,19,1,171.5
13560.0,7,1,171.42
15432.0,23,1,171.19
14860.0,19,1,170.32
15335.0,53,1,170.22
18058.0,9,1,170.16
13962.0,21,2,169.55
14218.0,42,1,169.48
12367.0,4,1,168.9
14578.0,3,1,168.63
17737.0,9,2,168.24
15986.0,30,1,168.12
14295.0,40,1,166.2
17650.0,21,1,166.08
18088.0,61,1,166.03
17561.0,19,1,165.12
18042.0,53,1,165.05
15904.0,8,1,164.68
13603.0,26,1,164.34
14354.0,5,2,163.62
17301.0,21,1,163.24
14485.0,38,1,162.8
12920.0,17,1,162.78
18014.0,28,1,162.22
17600.0,17,1,161.67
15458.0,25,1,161.64
14714.0,24,1,160.19
12966.0,9,1,160.18
16213.0,78,1,159.0
14089.0,56,1,158.75
15348.0,72,1,158.04
14799.0,51,1,157.7
17344.0,46,1,157.62
14585.0,50,1,157.05
15988.0,19,1,156.78
15263.0,106,1,156.51
17885.0,12,1,156.34
14287.0,8,3,156.23
17832.0,49,1,155.37
15740.0,49,1,154.88
16406.0,18,1,154.35
16921.0,61,1,154.18
12602.0,58,1,153.12
16720.0,26,1,152.95
16248.0,61,1,152.94
14039.0,33,1,152.2
13514.0,73,1,152.2
14362.0,22,1,151.5
17286.0,21,1,151.37
13697.0,38,1,151.3
16337.0,36,1,151.05
14204.0,2,1,150.61
18200.0,106,1,150.35
16932.0,53,1,150.23
15435.0,22,1,149.29
13003.0,105,3,149.05
17549.0,23,2,148.86
15526.0,33,2,148.44
14968.0,30,1,147.59
14098.0,36,1,147.35
13598.0,47,1,147.29
17030.0,63,1,146.87
13866.0,74,1,145.67
15937.0,64,1,145.35
16852.0,10,2,144.91
15748.0,40,1,144.36
17186.0,46,2,144.0
12587.0,7,1,144.0
15888.0,80,1,141.27
13483.0,65,1,140.34
14494.0,25,1,139.56
14073.0,32,1,139.54
14768.0,17,2,139.5
18209.0,28,1,139.1
14581.0,16,1,138.6
15663.0,106,1,138.14
13279.0,78,1,137.75
17468.0,10,2,137.0
16462.0,73,3,136.0
16412.0,53,1,135.99
15419.0,24,1,135.86
14174.0,33,1,134.46
14349.0,10,1,133.5
12445.0,22,1,133.4
17647.0,65,1,133.06
12512.0,66,2,132.18
17785.0,53,1,131.94
15844.0,46,1,130.74
15276.0,66,1,128.63
17297.0,17,1,128.18
17359.0,11,1,127.86
16414.0,21,2,126.25
15463.0,29,1,126.14
16988.0,5,1,126.12
13522.0,30,1,125.8
14861.0,52,1,125.79
15017.0,33,1,125.58
12531.0,14,1,125.22
17148.0,51,1,124.88
16569.0,3,1,124.2
14495.0,50,2,123.8
13519.0,78,1,122.75
13876.0,63,1,122.7
13638.0,15,1,122.64
18018.0,108,2,122.14
13182.0,45,1,121.18
18015.0,4,1,120.03
14314.0,106,1,120.0
16542.0,53,1,119.62
16666.0,19,1,118.98
17079.0,78,1,118.8
15836.0,50,1,117.47
16959.0,87,1,117.35
13877.0,86,1,117.24
13067.0,82,1,115.46
13188.0,11,1,114.6
17852.0,11,2,114.34
17219.0,31,1,114.23
14652.0,77,1,114.18
12938.0,25,1,114.14
14582.0,40,1,114.11
12504.0,30,1,114.0
18105.0,37,1,113.48
15610.0,51,1,112.46
17038.0,30,1,112.4
13193.0,61,1,112.08
12756.0,86,1,112.08
17957.0,66,1,111.68
15853.0,51,1,110.8
14641.0,21,1,110.46
18277.0,58,1,110.38
17901.0,29,1,110.38
17836.0,47,1,110.21
16363.0,53,1,109.36
14345.0,38,1,108.98
13170.0,26,1,108.81
16106.0,65,1,108.38
14661.0,26,1,107.95
17274.0,35,1,107.82
16784.0,19,1,107.6
15168.0,25,1,106.56
17791.0,29,1,106.1
14027.0,60,1,104.82
15958.0,74,1,104.35
18174.0,7,1,104.0
18255.0,89,1,103.3
14836.0,10,3,102.45
16516.0,30,1,101.7
14946.0,14,1,100.9
17427.0,71,1,100.8
17538.0,25,1,98.42
12984.0,18,1,97.5
15216.0,87,1,96.6
14642.0,58,1,96.12
17024.0,45,3,95.85
17895.0,44,1,95.45
18249.0,17,1,95.34
13651.0,35,2,94.2
18033.0,65,1,93.82
15428.0,15,1,93.78
13283.0,59,2,93.66
14054.0,65,1,92.46
12789.0,65,1,91.85
13160.0,22,1,91.8
12659.0,29,1,91.68
13947.0,65,1,90.6
18084.0,16,1,90.48
16506.0,19,2,90.3
16597.0,4,1,90.04
14219.0,4,1,89.94
14974.0,37,1,89.94
13666.0,60,3,84.65
13006.0,56,1,81.57
17620.0,59,1,81.44
16789.0,8,1,80.8
14109.0,72,1,80.2
17942.0,7,1,77.5
14785.0,10,2,77.4
13992.0,30,1,76.8
17628.0,81,1,75.75
13403.0,17,1,75.0
16468.0,74,1,74.9
16171.0,59,1,73.2
13938.0,35,1,71.66
17022.0,31,1,71.0
15863.0,25,2,68.84
17382.0,65,1,65.4
15516.0,44,3,62.43
13366.0,50,1,56.16
15504.0,81,1,52.83
14865.0,7,2,52.2
13832.0,19,1,52.2
17844.0,106,1,51.56
18184.0,15,1,49.8
15603.0,78,1,48.48
14080.0,32,1,45.6
15423.0,38,1,43.5
14300.0,18,1,43.2
15992.0,3,1,41.99
18019.0,51,1,38.45
17816.0,36,4,36.56
16856.0,14,1,35.4
17831.0,33,1,35.4
15744.0,77,1,34.8
15657.0,22,1,30.0
17986.0,56,1,20.8
16953.0,30,1,20.8
16093.0,106,1,17.0
16454.0,44,2,6.9
14792.0,63,1,6.2
